Workbook

Sheet Optimized Data
A1: Brand | B1: Category | C1: Combined | D1: Product Name | E1: Total Quantity - Annual | F1: Per Month | G1: OPTIMIZED MONTHLY | H1: Per Week | I1: OPTIMIZED WEEKLY | J1: Box Qty | K1: # of Boxes Used - Monthly | M1: Brand Name | N1: Category | O1: Box Qty
A2: 3M | B2: =_xlfn.LET( _xlpm.txt, D2, _xlpm.last, TRIM(RIGHT(SUBSTITUTE(_xlpm.txt," ",REPT(" ",LEN(_xlpm.txt))),LEN(_xlpm.txt))), IF(ISNUMBER(SEARCH("INSBSH",_xlpm.txt)),"INSBSH", IF(_xlpm.last="INS","INSBSH", IF(_xlpm.last="120V","CABLE",_xlpm.last) ) ) ) -> TAPE | C2: =_xlfn.CONCAT('Optimized Data'!$A2," ",'Optimized Data'!$B2) -> 3M TAPE | D2: 3M 33+SUPER-3/4X76FT VINYL TAPE | E2: 2079 | F2: 173.25 | G2: =CEILING('Optimized Data'!$F2,10) -> 180 | H2: ='Optimized Data'!$F2/4 -> 43.3125 | I2: =CEILING('Optimized Data'!$H2,10) -> 50 | J2: =VLOOKUP('Optimized Data'!$A2,Table3[],3,TRUE) -> 10 | K2: =CEILING('Optimized Data'!$G2/'Optimized Data'!$J2, 1) -> 18 | M2: 3M | N2: Tape | O2: 10
A3: 3M | B3: =_xlfn.LET( _xlpm.txt, D3, _xlpm.last, TRIM(RIGHT(SUBSTITUTE(_xlpm.txt," ",REPT(" ",LEN(_xlpm.txt))),LEN(_xlpm.txt))), IF(ISNUMBER(SEARCH("INSBSH",_xlpm.txt)),"INSBSH", IF(_xlpm.last="INS","INSBSH", IF(_xlpm.last="120V","CABLE",_xlpm.last) ) ) ) -> TAPE | C3: =_xlfn.CONCAT('Optimized Data'!$A3," ",'Optimized Data'!$B3) -> 3M TAPE | D3: 3M 35-RED-3/4X66FT CODING TAPE | E3: 145 | F3: 12.083333 | G3: =CEILING('Optimized Data'!$F3,10) -> 20 | H3: ='Optimized Data'!$F3/4 -> 3.0208333 | I3: =CEILING('Optimized Data'!$H3,10) -> 10 | J3: =VLOOKUP('Optimized Data'!$A3,Table3[],3,TRUE) -> 10 | K3: =CEILING('Optimized Data'!$G3/'Optimized Data'!$J3, 1) -> 2 | M3: AMFI | N3: Steel Connector | O3: 10
A4: 3M | B4: =_xlfn.LET( _xlpm.txt, D4, _xlpm.last, TRIM(RIGHT(SUBSTITUTE(_xlpm.txt," ",REPT(" ",LEN(_xlpm.txt))),LEN(_xlpm.txt))), IF(ISNUMBER(SEARCH("INSBSH",_xlpm.txt)),"INSBSH", IF(_xlpm.last="INS","INSBSH", IF(_xlpm.last="120V","CABLE",_xlpm.last) ) ) ) -> TAPE | C4: =_xlfn.CONCAT('Optimized Data'!$A4," ",'Optimized Data'!$B4) -> 3M TAPE | D4: 3M 35-WHITE-3/4X66FT CODING TAPE | E4: 170 | F4: 14.166667 | G4: =CEILING('Optimized Data'!$F4,10) -> 20 | H4: ='Optimized Data'!$F4/4 -> 3.5416667 | I4: =CEILING('Optimized Data'!$H4,10) -> 10 | J4: =VLOOKUP('Optimized Data'!$A4,Table3[],3,TRUE) -> 10 | K4: =CEILING('Optimized Data'!$G4/'Optimized Data'!$J4, 1) -> 2 | M4: APP | N4: BC | O4: 25
A5: 3M | B5: =_xlfn.LET( _xlpm.txt, D5, _xlpm.last, TRIM(RIGHT(SUBSTITUTE(_xlpm.txt," ",REPT(" ",LEN(_xlpm.txt))),LEN(_xlpm.txt))), IF(ISNUMBER(SEARCH("INSBSH",_xlpm.txt)),"INSBSH", IF(_xlpm.last="INS","INSBSH", IF(_xlpm.last="120V","CABLE",_xlpm.last) ) ) ) -> TAPE | C5: =_xlfn.CONCAT('Optimized Data'!$A5," ",'Optimized Data'!$B5) -> 3M TAPE | D5: 3M 3939-48MMX54.8M SILVER DUCT TAPE | E5: 160 | F5: 13.333333 | G5: =CEILING('Optimized Data'!$F5,10) -> 20 | H5: ='Optimized Data'!$F5/4 -> 3.3333333 | I5: =CEILING('Optimized Data'!$H5,10) -> 10 | J5: =VLOOKUP('Optimized Data'!$A5,Table3[],3,TRUE) -> 10 | K5: =CEILING('Optimized Data'!$G5/'Optimized Data'!$J5, 1) -> 2 | M5: ARL | N5: Fittings | O5: 66
A6: 3M | B6: =_xlfn.LET( _xlpm.txt, D6, _xlpm.last, TRIM(RIGHT(SUBSTITUTE(_xlpm.txt," ",REPT(" ",LEN(_xlpm.txt))),LEN(_xlpm.txt))), IF(ISNUMBER(SEARCH("INSBSH",_xlpm.txt)),"INSBSH", IF(_xlpm.last="INS","INSBSH", IF(_xlpm.last="120V","CABLE",_xlpm.last) ) ) ) -> TAPE | C6: =_xlfn.CONCAT('Optimized Data'!$A6," ",'Optimized Data'!$B6) -> 3M TAPE | D6: 3M 88-SUPER-3/4X66FT ELECT TAPE | E6: 480 | F6: 40 | G6: =CEILING('Optimized Data'!$F6,10) -> 40 | H6: ='Optimized Data'!$F6/4 -> 10 | I6: =CEILING('Optimized Data'!$H6,10) -> 10 | J6: =VLOOKUP('Optimized Data'!$A6,Table3[],3,TRUE) -> 10 | K6: =CEILING('Optimized Data'!$G6/'Optimized Data'!$J6, 1) -> 4 | M6: BRDGPORT | N6: Straps/Bushings | O6: 75
A7: 3M | B7: =_xlfn.LET( _xlpm.txt, D7, _xlpm.last, TRIM(RIGHT(SUBSTITUTE(_xlpm.txt," ",REPT(" ",LEN(_xlpm.txt))),LEN(_xlpm.txt))), IF(ISNUMBER(SEARCH("INSBSH",_xlpm.txt)),"INSBSH", IF(_xlpm.last="INS","INSBSH", IF(_xlpm.last="120V","CABLE",_xlpm.last) ) ) ) -> STACKER | C7: =_xlfn.CONCAT('Optimized Data'!$A7," ",'Optimized Data'!$B7) -> 3M STACKER | D7: 3M SI-1 CABLE STACKER | E7: 200 | F7: 16.666667 | G7: =CEILING('Optimized Data'!$F7,10) -> 20 | H7: ='Optimized Data'!$F7/4 -> 4.1666667 | I7: =CEILING('Optimized Data'!$H7,10) -> 10 | J7: =VLOOKUP('Optimized Data'!$A7,Table3[],3,TRUE) -> 10 | K7: =CEILING('Optimized Data'!$G7/'Optimized Data'!$J7, 1) -> 2 | M7: CABLE | N7: MC | O7: 250
A8: 3M | B8: =_xlfn.LET( _xlpm.txt, D8, _xlpm.last, TRIM(RIGHT(SUBSTITUTE(_xlpm.txt," ",REPT(" ",LEN(_xlpm.txt))),LEN(_xlpm.txt))), IF(ISNUMBER(SEARCH("INSBSH",_xlpm.txt)),"INSBSH", IF(_xlpm.last="INS","INSBSH", IF(_xlpm.last="120V","CABLE",_xlpm.last) ) ) ) -> VINYL | C8: =_xlfn.CONCAT('Optimized Data'!$A8," ",'Optimized Data'!$B8) -> 3M VINYL | D8: 3M TEMFLEX 165BK4A VINYL | E8: 255 | F8: 21.25 | G8: =CEILING('Optimized Data'!$F8,10) -> 30 | H8: ='Optimized Data'!$F8/4 -> 5.3125 | I8: =CEILING('Optimized Data'!$H8,10) -> 10 | J8: =VLOOKUP('Optimized Data'!$A8,Table3[],3,TRUE) -> 10 | K8: =CEILING('Optimized Data'!$G8/'Optimized Data'!$J8, 1) -> 3 | M8: CARLON | N8: Carflex | O8: 100
A9: AMFI | B9: =_xlfn.LET( _xlpm.txt, D9, _xlpm.last, TRIM(RIGHT(SUBSTITUTE(_xlpm.txt," ",REPT(" ",LEN(_xlpm.txt))),LEN(_xlpm.txt))), IF(ISNUMBER(SEARCH("INSBSH",_xlpm.txt)),"INSBSH", IF(_xlpm.last="INS","INSBSH", IF(_xlpm.last="120V","CABLE",_xlpm.last) ) ) ) -> CONN | C9: =_xlfn.CONCAT('Optimized Data'!$A9," ",'Optimized Data'!$B9) -> AMFI CONN | D9: AMF NT2751 3/4 RIGID COMP CONN | E9: 145 | F9: 12.083333 | G9: =CEILING('Optimized Data'!$F9,10) -> 20 | H9: ='Optimized Data'!$F9/4 -> 3.0208333 | I9: =CEILING('Optimized Data'!$H9,10) -> 10 | J9: =VLOOKUP('Optimized Data'!$A9,Table3[],3,TRUE) -> 10 | K9: =CEILING('Optimized Data'!$G9/'Optimized Data'!$J9, 1) -> 2 | M9: CCHC | N9: Fittings | O9: 100
A10: AMFI | B10: =_xlfn.LET( _xlpm.txt, D10, _xlpm.last, TRIM(RIGHT(SUBSTITUTE(_xlpm.txt," ",REPT(" ",LEN(_xlpm.txt))),LEN(_xlpm.txt))), IF(ISNUMBER(SEARCH("INSBSH",_xlpm.txt)),"INSBSH", IF(_xlpm.last="INS","INSBSH", IF(_xlpm.last="120V","CABLE",_xlpm.last) ) ) ) -> BUSHING | C10: =_xlfn.CONCAT('Optimized Data'!$A10," ",'Optimized Data'!$B10) -> AMFI BUSHING | D10: AMFI RB7550 3/4X1/2 RED BUSHING | E10: 163 | F10: 13.583333 | G10: =CEILING('Optimized Data'!$F10,10) -> 20 | H10: ='Optimized Data'!$F10/4 -> 3.3958333 | I10: =CEILING('Optimized Data'!$H10,10) -> 10 | J10: =VLOOKUP('Optimized Data'!$A10,Table3[],3,TRUE) -> 10 | K10: =CEILING('Optimized Data'!$G10/'Optimized Data'!$J10, 1) -> 2 | M10: CCHC Box | N10: Metal Boxes | O10: 25
A11: AMFI | B11: =_xlfn.LET( _xlpm.txt, D11, _xlpm.last, TRIM(RIGHT(SUBSTITUTE(_xlpm.txt," ",REPT(" ",LEN(_xlpm.txt))),LEN(_xlpm.txt))), IF(ISNUMBER(SEARCH("INSBSH",_xlpm.txt)),"INSBSH", IF(_xlpm.last="INS","INSBSH", IF(_xlpm.last="120V","CABLE",_xlpm.last) ) ) ) -> CONN | C11: =_xlfn.CONCAT('Optimized Data'!$A11," ",'Optimized Data'!$B11) -> AMFI CONN | D11: AMFI STR100 1IN L/T REUSE CONN | E11: 120 | F11: 10 | G11: =CEILING('Optimized Data'!$F11,10) -> 10 | H11: ='Optimized Data'!$F11/4 -> 2.5 | I11: =CEILING('Optimized Data'!$H11,10) -> 10 | J11: =VLOOKUP('Optimized Data'!$A11,Table3[],3,TRUE) -> 10 | K11: =CEILING('Optimized Data'!$G11/'Optimized Data'!$J11, 1) -> 1 | M11: CONDUIT | N11: Pipe (Rigid/Emt) | O11: 100
A12: AMFI | B12: =_xlfn.LET( _xlpm.txt, D12, _xlpm.last, TRIM(RIGHT(SUBSTITUTE(_xlpm.txt," ",REPT(" ",LEN(_xlpm.txt))),LEN(_xlpm.txt))), IF(ISNUMBER(SEARCH("INSBSH",_xlpm.txt)),"INSBSH", IF(_xlpm.last="INS","INSBSH", IF(_xlpm.last="120V","CABLE",_xlpm.last) ) ) ) -> CONNECTOR | C12: =_xlfn.CONCAT('Optimized Data'!$A12," ",'Optimized Data'!$B12) -> AMFI CONNECTOR | D12: AMFI STR50 1/2 L/T REUSE CONNECTOR | E12: 475 | F12: 39.583333 | G12: =CEILING('Optimized Data'!$F12,10) -> 40 | H12: ='Optimized Data'!$F12/4 -> 9.8958333 | I12: =CEILING('Optimized Data'!$H12,10) -> 10 | J12: =VLOOKUP('Optimized Data'!$A12,Table3[],3,TRUE) -> 10 | K12: =CEILING('Optimized Data'!$G12/'Optimized Data'!$J12, 1) -> 4 | M12: CTX | N12: PVC Fittings | O12: 125
A13: AMFI | B13: =_xlfn.LET( _xlpm.txt, D13, _xlpm.last, TRIM(RIGHT(SUBSTITUTE(_xlpm.txt," ",REPT(" ",LEN(_xlpm.txt))),LEN(_xlpm.txt))), IF(ISNUMBER(SEARCH("INSBSH",_xlpm.txt)),"INSBSH", IF(_xlpm.last="INS","INSBSH", IF(_xlpm.last="120V","CABLE",_xlpm.last) ) ) ) -> CONNECTOR | C13: =_xlfn.CONCAT('Optimized Data'!$A13," ",'Optimized Data'!$B13) -> AMFI CONNECTOR | D13: AMFI STR75 3/4 L/T REUSE CONNECTOR | E13: 410 | F13: 34.166667 | G13: =CEILING('Optimized Data'!$F13,10) -> 40 | H13: ='Optimized Data'!$F13/4 -> 8.5416667 | I13: =CEILING('Optimized Data'!$H13,10) -> 10 | J13: =VLOOKUP('Optimized Data'!$A13,Table3[],3,TRUE) -> 10 | K13: =CEILING('Optimized Data'!$G13/'Optimized Data'!$J13, 1) -> 4 | M13: DUR | N13: Battery | O13: 24
... A25: BRDGPORT | B25: =_xlfn.LET( _xlpm.txt, D25, _xlpm.last, TRIM(RIGHT(SUBSTITUTE(_xlpm.txt," ",REPT(" ",LEN(_xlpm.txt))),LEN(_xlpm.txt))), IF(ISNUMBER(SEARCH("INSBSH",_xlpm.txt)),"INSBSH", IF(_xlpm.last="INS","INSBSH", IF(_xlpm.last="120V","CABLE",_xlpm.last) ) ) ) -> INSBSH | C25: =_xlfn.CONCAT('Optimized Data'!$A25," ",'Optimized Data'!$B25) -> BRDGPORT INSBSH | D25: BRDGPORT 321 1/2 105D PLSTC INSBSH | E25: 145 | F25: 12.083333 | G25: =CEILING('Optimized Data'!$F25,10) -> 20 | H25: ='Optimized Data'!$F25/4 -> 3.0208333 | I25: =CEILING('Optimized Data'!$H25,10) -> 10 | J25: =VLOOKUP('Optimized Data'!$A25,Table3[],3,TRUE) -> 75 | K25: =CEILING('Optimized Data'!$G25/'Optimized Data'!$J25, 1) -> 1 | M25: SEALTITE | N25: Sealtite | O25: 100
A26: BRDGPORT | B26: =_xlfn.LET( _xlpm.txt, D26, _xlpm.last, TRIM(RIGHT(SUBSTITUTE(_xlpm.txt," ",REPT(" ",LEN(_xlpm.txt))),LEN(_xlpm.txt))), IF(ISNUMBER(SEARCH("INSBSH",_xlpm.txt)),"INSBSH", IF(_xlpm.last="INS","INSBSH", IF(_xlpm.last="120V","CABLE",_xlpm.last) ) ) ) -> INSBSH | C26: =_xlfn.CONCAT('Optimized Data'!$A26," ",'Optimized Data'!$B26) -> BRDGPORT INSBSH | D26: BRDGPORT 322 3/4 105D PLSTC INS | E26: 250 | F26: 20.833333 | G26: =CEILING('Optimized Data'!$F26,10) -> 30 | H26: ='Optimized Data'!$F26/4 -> 5.2083333 | I26: =CEILING('Optimized Data'!$H26,10) -> 10 | J26: =VLOOKUP('Optimized Data'!$A26,Table3[],3,TRUE) -> 75 | K26: =CEILING('Optimized Data'!$G26/'Optimized Data'!$J26, 1) -> 1
A27: BRDGPORT | B27: =_xlfn.LET( _xlpm.txt, D27, _xlpm.last, TRIM(RIGHT(SUBSTITUTE(_xlpm.txt," ",REPT(" ",LEN(_xlpm.txt))),LEN(_xlpm.txt))), IF(ISNUMBER(SEARCH("INSBSH",_xlpm.txt)),"INSBSH", IF(_xlpm.last="INS","INSBSH", IF(_xlpm.last="120V","CABLE",_xlpm.last) ) ) ) -> INSBSH | C27: =_xlfn.CONCAT('Optimized Data'!$A27," ",'Optimized Data'!$B27) -> BRDGPORT INSBSH | D27: BRDGPORT 323 1IN 105D PLSTC INSBSH | E27: 185 | F27: 15.416667 | G27: =CEILING('Optimized Data'!$F27,10) -> 20 | H27: ='Optimized Data'!$F27/4 -> 3.8541667 | I27: =CEILING('Optimized Data'!$H27,10) -> 10 | J27: =VLOOKUP('Optimized Data'!$A27,Table3[],3,TRUE) -> 75 | K27: =CEILING('Optimized Data'!$G27/'Optimized Data'!$J27, 1) -> 1
A28: BRDGPORT | B28: =_xlfn.LET( _xlpm.txt, D28, _xlpm.last, TRIM(RIGHT(SUBSTITUTE(_xlpm.txt," ",REPT(" ",LEN(_xlpm.txt))),LEN(_xlpm.txt))), IF(ISNUMBER(SEARCH("INSBSH",_xlpm.txt)),"INSBSH", IF(_xlpm.last="INS","INSBSH", IF(_xlpm.last="120V","CABLE",_xlpm.last) ) ) ) -> INSBSH | C28: =_xlfn.CONCAT('Optimized Data'!$A28," ",'Optimized Data'!$B28) -> BRDGPORT INSBSH | D28: BRDGPORT 324 1-1/4 105D PLS INSBSH | E28: 335 | F28: 27.916667 | G28: =CEILING('Optimized Data'!$F28,10) -> 30 | H28: ='Optimized Data'!$F28/4 -> 6.9791667 | I28: =CEILING('Optimized Data'!$H28,10) -> 10 | J28: =VLOOKUP('Optimized Data'!$A28,Table3[],3,TRUE) -> 75 | K28: =CEILING('Optimized Data'!$G28/'Optimized Data'!$J28, 1) -> 1
A29: BRDGPORT | B29: =_xlfn.LET( _xlpm.txt, D29, _xlpm.last, TRIM(RIGHT(SUBSTITUTE(_xlpm.txt," ",REPT(" ",LEN(_xlpm.txt))),LEN(_xlpm.txt))), IF(ISNUMBER(SEARCH("INSBSH",_xlpm.txt)),"INSBSH", IF(_xlpm.last="INS","INSBSH", IF(_xlpm.last="120V","CABLE",_xlpm.last) ) ) ) -> BSH | C29: =_xlfn.CONCAT('Optimized Data'!$A29," ",'Optimized Data'!$B29) -> BRDGPORT BSH | D29: BRDGPORT 326 2IN 105D PLSTC INS BSH | E29: 320 | F29: 26.666667 | G29: =CEILING('Optimized Data'!$F29,10) -> 30 | H29: ='Optimized Data'!$F29/4 -> 6.6666667 | I29: =CEILING('Optimized Data'!$H29,10) -> 10 | J29: =VLOOKUP('Optimized Data'!$A29,Table3[],3,TRUE) -> 75 | K29: =CEILING('Optimized Data'!$G29/'Optimized Data'!$J29, 1) -> 1
A30: BRDGPORT | B30: =_xlfn.LET( _xlpm.txt, D30, _xlpm.last, TRIM(RIGHT(SUBSTITUTE(_xlpm.txt," ",REPT(" ",LEN(_xlpm.txt))),LEN(_xlpm.txt))), IF(ISNUMBER(SEARCH("INSBSH",_xlpm.txt)),"INSBSH", IF(_xlpm.last="INS","INSBSH", IF(_xlpm.last="120V","CABLE",_xlpm.last) ) ) ) -> FLEX | C30: =_xlfn.CONCAT('Optimized Data'!$A30," ",'Optimized Data'!$B30) -> BRDGPORT FLEX | D30: BRDGPORT 407-DC2 1/2 D/C SQZ FLEX | E30: 429 | F30: 35.75 | G30: =CEILING('Optimized Data'!$F30,10) -> 40 | H30: ='Optimized Data'!$F30/4 -> 8.9375 | I30: =CEILING('Optimized Data'!$H30,10) -> 10 | J30: =VLOOKUP('Optimized Data'!$A30,Table3[],3,TRUE) -> 75 | K30: =CEILING('Optimized Data'!$G30/'Optimized Data'!$J30, 1) -> 1
A31: BRDGPORT | B31: =_xlfn.LET( _xlpm.txt, D31, _xlpm.last, TRIM(RIGHT(SUBSTITUTE(_xlpm.txt," ",REPT(" ",LEN(_xlpm.txt))),LEN(_xlpm.txt))), IF(ISNUMBER(SEARCH("INSBSH",_xlpm.txt)),"INSBSH", IF(_xlpm.last="INS","INSBSH", IF(_xlpm.last="120V","CABLE",_xlpm.last) ) ) ) -> FLEX | C31: =_xlfn.CONCAT('Optimized Data'!$A31," ",'Optimized Data'!$B31) -> BRDGPORT FLEX | D31: BRDGPORT 801-DC2 3/8 D/C 90D FLEX | E31: 115 | F31: 9.5833333 | G31: =CEILING('Optimized Data'!$F31,10) -> 10 | H31: ='Optimized Data'!$F31/4 -> 2.3958333 | I31: =CEILING('Optimized Data'!$H31,10) -> 10 | J31: =VLOOKUP('Optimized Data'!$A31,Table3[],3,TRUE) -> 75 | K31: =CEILING('Optimized Data'!$G31/'Optimized Data'!$J31, 1) -> 1
A32: BRDGPORT | B32: =_xlfn.LET( _xlpm.txt, D32, _xlpm.last, TRIM(RIGHT(SUBSTITUTE(_xlpm.txt," ",REPT(" ",LEN(_xlpm.txt))),LEN(_xlpm.txt))), IF(ISNUMBER(SEARCH("INSBSH",_xlpm.txt)),"INSBSH", IF(_xlpm.last="INS","INSBSH", IF(_xlpm.last="120V","CABLE",_xlpm.last) ) ) ) -> COND | C32: =_xlfn.CONCAT('Optimized Data'!$A32," ",'Optimized Data'!$B32) -> BRDGPORT COND | D32: BRDGPORT 901-S 1/2 1H STEEL COND | E32: 780 | F32: 65 | G32: =CEILING('Optimized Data'!$F32,10) -> 70 | H32: ='Optimized Data'!$F32/4 -> 16.25 | I32: =CEILING('Optimized Data'!$H32,10) -> 20 | J32: =VLOOKUP('Optimized Data'!$A32,Table3[],3,TRUE) -> 75 | K32: =CEILING('Optimized Data'!$G32/'Optimized Data'!$J32, 1) -> 1
A33: BRDGPORT | B33: =_xlfn.LET( _xlpm.txt, D33, _xlpm.last, TRIM(RIGHT(SUBSTITUTE(_xlpm.txt," ",REPT(" ",LEN(_xlpm.txt))),LEN(_xlpm.txt))), IF(ISNUMBER(SEARCH("INSBSH",_xlpm.txt)),"INSBSH", IF(_xlpm.last="INS","INSBSH", IF(_xlpm.last="120V","CABLE",_xlpm.last) ) ) ) -> COND | C33: =_xlfn.CONCAT('Optimized Data'!$A33," ",'Optimized Data'!$B33) -> BRDGPORT COND | D33: BRDGPORT 902-S 3/4 1H STEEL COND | E33: 390 | F33: 32.5 | G33: =CEILING('Optimized Data'!$F33,10) -> 40 | H33: ='Optimized Data'!$F33/4 -> 8.125 | I33: =CEILING('Optimized Data'!$H33,10) -> 10 | J33: =VLOOKUP('Optimized Data'!$A33,Table3[],3,TRUE) -> 75 | K33: =CEILING('Optimized Data'!$G33/'Optimized Data'!$J33, 1) -> 1
A34: BRDGPORT | B34: =_xlfn.LET( _xlpm.txt, D34, _xlpm.last, TRIM(RIGHT(SUBSTITUTE(_xlpm.txt," ",REPT(" ",LEN(_xlpm.txt))),LEN(_xlpm.txt))), IF(ISNUMBER(SEARCH("INSBSH",_xlpm.txt)),"INSBSH", IF(_xlpm.last="INS","INSBSH", IF(_xlpm.last="120V","CABLE",_xlpm.last) ) ) ) -> COND | C34: =_xlfn.CONCAT('Optimized Data'!$A34," ",'Optimized Data'!$B34) -> BRDGPORT COND | D34: BRDGPORT 903-S 1-IN 1H STEEL COND | E34: 140 | F34: 11.666667 | G34: =CEILING('Optimized Data'!$F34,10) -> 20 | H34: ='Optimized Data'!$F34/4 -> 2.9166667 | I34: =CEILING('Optimized Data'!$H34,10) -> 10 | J34: =VLOOKUP('Optimized Data'!$A34,Table3[],3,TRUE) -> 75 | K34: =CEILING('Optimized Data'!$G34/'Optimized Data'!$J34, 1) -> 1
A35: BRDGPORT | B35: =_xlfn.LET( _xlpm.txt, D35, _xlpm.last, TRIM(RIGHT(SUBSTITUTE(_xlpm.txt," ",REPT(" ",LEN(_xlpm.txt))),LEN(_xlpm.txt))), IF(ISNUMBER(SEARCH("INSBSH",_xlpm.txt)),"INSBSH", IF(_xlpm.last="INS","INSBSH", IF(_xlpm.last="120V","CABLE",_xlpm.last) ) ) ) -> EMT | C35: =_xlfn.CONCAT('Optimized Data'!$A35," ",'Optimized Data'!$B35) -> BRDGPORT EMT | D35: BRDGPORT 920-S 1/2 1H STEEL EMT | E35: 2110 | F35: 175.83333 | G35: =CEILING('Optimized Data'!$F35,10) -> 180 | H35: ='Optimized Data'!$F35/4 -> 43.958333 | I35: =CEILING('Optimized Data'!$H35,10) -> 50 | J35: =VLOOKUP('Optimized Data'!$A35,Table3[],3,TRUE) -> 75 | K35: =CEILING('Optimized Data'!$G35/'Optimized Data'!$J35, 1) -> 3
A36: BRDGPORT | B36: =_xlfn.LET( _xlpm.txt, D36, _xlpm.last, TRIM(RIGHT(SUBSTITUTE(_xlpm.txt," ",REPT(" ",LEN(_xlpm.txt))),LEN(_xlpm.txt))), IF(ISNUMBER(SEARCH("INSBSH",_xlpm.txt)),"INSBSH", IF(_xlpm.last="INS","INSBSH", IF(_xlpm.last="120V","CABLE",_xlpm.last) ) ) ) -> EMT | C36: =_xlfn.CONCAT('Optimized Data'!$A36," ",'Optimized Data'!$B36) -> BRDGPORT EMT | D36: BRDGPORT 921-S 3/4 1H STEEL EMT | E36: 2000 | F36: 166.66667 | G36: =CEILING('Optimized Data'!$F36,10) -> 170 | H36: ='Optimized Data'!$F36/4 -> 41.666667 | I36: =CEILING('Optimized Data'!$H36,10) -> 50 | J36: =VLOOKUP('Optimized Data'!$A36,Table3[],3,TRUE) -> 75 | K36: =CEILING('Optimized Data'!$G36/'Optimized Data'!$J36, 1) -> 3
A37: BRDGPORT | B37: =_xlfn.LET( _xlpm.txt, D37, _xlpm.last, TRIM(RIGHT(SUBSTITUTE(_xlpm.txt," ",REPT(" ",LEN(_xlpm.txt))),LEN(_xlpm.txt))), IF(ISNUMBER(SEARCH("INSBSH",_xlpm.txt)),"INSBSH", IF(_xlpm.last="INS","INSBSH", IF(_xlpm.last="120V","CABLE",_xlpm.last) ) ) ) -> EMT | C37: =_xlfn.CONCAT('Optimized Data'!$A37," ",'Optimized Data'!$B37) -> BRDGPORT EMT | D37: BRDGPORT 922-S 1-IN 1H STEEL EMT | E37: 375 | F37: 31.25 | G37: =CEILING('Optimized Data'!$F37,10) -> 40 | H37: ='Optimized Data'!$F37/4 -> 7.8125 | I37: =CEILING('Optimized Data'!$H37,10) -> 10 | J37: =VLOOKUP('Optimized Data'!$A37,Table3[],3,TRUE) -> 75 | K37: =CEILING('Optimized Data'!$G37/'Optimized Data'!$J37, 1) -> 1
... A40: CABLE | B40: =_xlfn.LET( _xlpm.txt, D40, _xlpm.last, TRIM(RIGHT(SUBSTITUTE(_xlpm.txt," ",REPT(" ",LEN(_xlpm.txt))),LEN(_xlpm.txt))), IF(ISNUMBER(SEARCH("INSBSH",_xlpm.txt)),"INSBSH", IF(_xlpm.last="INS","INSBSH", IF(_xlpm.last="120V","CABLE",_xlpm.last) ) ) ) -> CABLE | C40: =_xlfn.CONCAT('Optimized Data'!$A40," ",'Optimized Data'!$B40) -> CABLE CABLE | D40: CABLE MC-AL-12/3-STR-W/GRN-GND 120V | E40: 250 | F40: 20.833333 | G40: =CEILING('Optimized Data'!$F40,10) -> 30 | H40: ='Optimized Data'!$F40/4 -> 5.2083333 | I40: =CEILING('Optimized Data'!$H40,10) -> 10 | J40: =VLOOKUP('Optimized Data'!$A40,Table3[],3,TRUE) -> 250 | K40: =CEILING('Optimized Data'!$G40/'Optimized Data'!$J40, 1) -> 1
